Row,Column
1,203
2,201
2,202
2,203
3,199
3,200
3,202
4,196
4,197
4,198
4,201
5,179
5,180
5,181
5,182
5,183
5,184
5,185
5,186
5,187
5,188
5,189
5,194
5,195
5,200
6,176
6,177
6,178
6,190
6,191
6,192
6,193
6,199
7,173
7,174
7,175
7,199
8,169
8,170
8,171
8,172
8,197
8,198
9,166
9,167
9,168
9,192
9,193
9,194
9,195
9,196
10,166
10,188
10,189
10,190
10,191
11,166
11,185
11,186
11,187
12,167
12,184
13,167
13,184
14,168
14,184
15,169
15,184
16,169
16,183
17,170
17,183
18,170
18,183
19,171
19,183
20,172
20,182
21,169
21,170
21,171
21,182
22,166
22,167
22,168
22,183
22,184
22,185
22,186
23,165
23,187
23,188
23,189
24,165
24,189
25,165
25,190
26,165
26,190
27,165
27,191
28,166
28,191
29,166
29,190
30,166
30,190
31,166
31,189
32,166
32,189
33,167
33,188
34,167
34,188
35,167
35,187
36,167
36,186
37,167
37,186
38,166
38,185
39,165
39,184
40,164
40,183
41,163
41,183
42,162
42,182
43,161
43,182
43,207
44,160
44,183
44,184
44,206
44,207
45,159
45,185
45,186
45,205
45,207
46,159
46,187
46,188
46,204
46,207
47,158
47,189
47,190
47,202
47,203
47,207
48,157
48,191
48,192
48,193
48,194
48,195
48,196
48,197
48,198
48,199
48,200
48,201
48,207
49,156
49,208
50,155
50,208
51,155
51,208
52,156
52,208
53,157
53,209
53,210
53,211
53,212
54,158
54,213
54,214
54,215
55,158
55,216
56,159
56,216
57,160
57,216
58,160
58,217
58,256
58,257
59,161
59,217
59,255
59,258
59,259
60,161
60,217
60,243
60,244
60,245
60,254
60,260
60,261
61,161
61,218
61,219
61,241
61,242
61,246
61,247
61,254
61,262
61,263
62,161
62,220
62,221
62,239
62,240
62,248
62,253
62,264
63,161
63,222
63,237
63,238
63,249
63,252
63,264
64,161
64,223
64,224
64,234
64,235
64,236
64,250
64,251
64,264
65,161
65,225
65,226
65,232
65,233
65,264
66,161
66,227
66,228
66,230
66,231
66,265
67,161
67,229
67,265
68,161
68,265
69,161
69,265
69,284
69,285
69,286
69,287
69,288
69,289
69,290
69,291
69,292
69,293
69,294
69,295
69,296
69,297
69,298
69,299
69,300
70,161
70,266
70,267
70,268
70,269
70,270
70,271
70,272
70,273
70,274
70,275
70,276
70,277
70,278
70,279
70,280
70,281
70,282
70,283
70,299
71,161
71,298
72,161
72,297
73,161
73,296
74,161
74,295
75,161
75,294
76,161
76,293
77,158
77,159
77,160
77,292
78,156
78,157
78,291
79,153
79,154
79,155
79,291
80,150
80,151
80,152
80,290
81,150
81,289
82,149
82,288
83,149
83,287
84,148
84,286
85,148
85,285
86,148
86,284
87,148
87,283
88,149
88,282
89,149
89,281
90,150
90,282
90,283
90,284
90,285
90,286
91,150
91,287
91,288
91,289
91,290
91,291
92,151
92,292
92,293
92,294
93,152
93,295
93,296
94,152
94,297
95,151
95,298
96,150
96,299
97,150
97,300
97,301
98,149
98,302
98,393
98,394
98,395
98,396
98,397
98,398
98,399
98,400
98,401
98,402
98,403
98,404
98,405
98,406
98,407
98,408
98,409
98,410
98,411
98,412
98,413
98,414
98,415
98,416
98,417
98,418
98,419
98,420
99,148
99,303
99,372
99,373
99,374
99,375
99,376
99,377
99,378
99,379
99,380
99,381
99,382
99,383
99,384
99,385
99,386
99,387
99,388
99,389
99,390
99,391
99,392
99,421
99,422
99,423
99,424
99,425
99,426
100,148
100,304
100,305
100,354
100,355
100,356
100,357
100,358
100,359
100,360
100,361
100,362
100,363
100,364
100,365
100,366
100,367
100,368
100,369
100,370
100,371
100,427
100,428
100,429
100,430
100,431
101,147
101,306
101,332
101,333
101,334
101,335
101,336
101,337
101,338
101,339
101,340
101,341
101,342
101,343
101,344
101,345
101,346
101,347
101,348
101,349
101,350
101,351
101,352
101,353
101,432
101,433
102,146
102,307
102,308
102,309
102,310
102,311
102,312
102,313
102,314
102,315
102,316
102,317
102,318
102,319
102,320
102,321
102,322
102,323
102,324
102,325
102,326
102,327
102,328
102,329
102,330
102,331
102,434
103,145
103,435
103,436
104,145
104,437
104,438
105,144
105,439
105,440
106,143
106,441
107,142
107,442
107,443
108,141
108,444
108,445
109,140
109,446
109,447
110,140
110,448
111,141
111,449
111,450
112,141
112,451
112,452
113,142
113,453
113,454
114,143
114,144
114,145
114,455
114,456
115,146
115,147
115,457
116,148
116,149
116,458
116,459
117,150
117,151
117,459
118,152
118,460
119,152
119,461
120,151
120,462
121,151
121,463
122,151
122,463
123,150
123,464
124,150
124,465
125,150
125,466
126,150
126,466
127,144
127,145
127,146
127,147
127,148
127,149
127,467
128,135
128,136
128,137
128,138
128,139
128,140
128,141
128,142
128,143
128,468
129,134
129,469
130,134
130,470
131,133
131,470
132,133
132,471
133,134
133,472
134,135
134,136
134,473
135,137
135,473
136,137
136,474
137,137
137,475
138,137
138,476
139,138
139,477
140,138
140,477
141,138
141,478
142,138
142,479
143,138
143,480
144,139
144,480
145,136
145,137
145,138
145,481
146,132
146,133
146,134
146,135
146,482
147,128
147,129
147,130
147,131
147,483
148,126
148,127
148,484
149,125
149,484
150,124
150,485
151,123
151,486
152,122
152,487
153,121
153,487
154,120
154,488
155,119
155,489
156,117
156,118
156,490
157,116
157,491
158,115
158,491
159,115
159,492
160,116
160,493
161,117
161,494
162,118
162,494
163,119
163,495
164,119
164,496
165,120
165,497
166,121
166,498
167,122
167,498
168,121
168,499
169,121
169,500
170,121
170,501
171,121
171,501
172,121
172,501
173,69
173,70
173,71
173,72
173,121
173,501
174,67
174,68
174,73
174,74
174,121
174,501
175,66
175,75
175,76
175,77
175,89
175,90
175,91
175,92
175,121
175,501
176,65
176,78
176,79
176,84
176,85
176,86
176,87
176,88
176,93
176,94
176,121
176,501
177,63
177,64
177,80
177,81
177,82
177,83
177,95
177,96
177,121
177,501
178,62
178,97
178,98
178,121
178,502
179,60
179,61
179,99
179,100
179,121
179,502
180,58
180,59
180,101
180,102
180,119
180,120
180,502
181,56
181,57
181,103
181,104
181,117
181,118
181,502
182,54
182,55
182,105
182,106
182,114
182,115
182,116
182,502
183,52
183,53
183,107
183,108
183,111
183,112
183,113
183,502
184,50
184,51
184,109
184,110
184,502
185,48
185,49
185,502
186,46
186,47
186,502
187,44
187,45
187,502
188,43
188,502
189,41
189,42
189,502
190,40
190,503
191,38
191,39
191,503
192,36
192,37
192,503
193,35
193,503
194,33
194,34
194,503
195,31
195,32
195,503
196,30
196,503
197,30
197,503
198,29
198,503
199,28
199,503
200,28
200,503
201,27
201,503
202,27
202,504
203,26
203,504
204,26
204,504
205,25
205,504
206,25
206,504
207,24
207,504
208,24
208,504
209,23
209,504
210,23
210,504
211,22
211,504
212,22
212,504
213,21
213,504
214,21
214,505
215,20
215,505
216,20
216,505
217,19
217,505
218,19
218,505
219,18
219,505
220,18
220,505
221,18
221,505
222,17
222,505
223,17
223,505
224,17
224,505
225,17
225,505
226,16
226,506
227,16
227,506
228,16
228,506
229,16
229,506
230,15
230,506
231,15
231,506
232,15
232,506
233,14
233,506
234,14
234,506
235,14
235,506
236,14
236,506
237,13
237,507
238,13
238,507
239,13
239,507
240,13
240,507
241,12
241,507
242,11
242,507
243,10
243,507
244,9
244,507
245,8
245,507
246,6
246,7
246,507
247,5
247,507
248,5
248,507
249,4
249,508
250,4
250,508
251,4
251,508
252,4
252,508
253,3
253,508
254,3
254,508
255,3
255,508
256,2
256,508
257,2
257,508
258,2
258,508
259,1
259,508
260,1
260,508
261,1
261,508
262,1
262,508
263,1
263,508
264,2
264,508
265,2
265,508
266,3
266,509
267,4
267,509
268,4
268,509
269,5
269,509
270,6
270,509
271,6
271,509
272,7
272,509
273,7
273,509
274,8
274,509
275,9
275,509
276,9
276,509
277,10
277,509
278,11
278,509
279,11
279,509
280,12
280,509
281,12
281,509
282,13
282,509
283,13
283,509
284,14
284,509
285,15
285,510
286,15
286,510
287,16
287,510
288,16
288,510
289,17
289,510
290,17
290,510
291,18
291,510
292,18
292,510
293,19
293,510
294,20
294,510
295,20
295,510
296,21
296,510
297,21
297,510
298,22
298,510
299,22
299,510
300,23
300,510
301,23
301,510
302,24
302,510
303,25
303,510
304,25
304,510
305,26
305,511
306,27
306,511
307,27
307,511
308,28
308,511
309,29
309,511
310,30
310,511
311,30
311,511
312,31
312,511
313,32
313,511
314,32
314,511
315,33
315,511
316,34
316,511
317,34
317,511
318,35
318,511
319,36
319,511
320,37
320,511
321,37
321,511
322,38
322,511
323,39
323,512
324,40
324,512
325,41
325,512
326,42
326,512
327,42
327,512
328,43
328,512
329,44
329,512
330,45
330,512
331,46
331,512
332,47
332,512
333,48
333,512
334,49
334,512
335,50
335,512
336,51
336,512
337,52
337,512
338,53
338,512
339,54
339,513
340,54
340,513
341,55
341,513
342,55
342,513
343,55
343,513
344,54
344,513
345,54
345,513
346,54
346,513
347,54
347,513
348,54
348,513
349,54
349,513
350,54
350,513
351,53
351,513
352,53
352,513
353,53
353,513
354,53
354,513
355,53
355,513
356,53
356,514
357,52
357,514
358,52
358,514
359,52
359,514
360,52
360,514
361,52
361,514
362,52
362,514
363,52
363,514
364,52
364,514
365,52
365,514
366,52
366,514
367,52
367,515
368,52
368,516
368,517
369,52
369,518
370,51
370,519
370,520
371,51
371,521
372,51
372,522
372,523
373,51
373,524
374,51
374,525
374,526
375,51
375,527
375,528
376,51
376,529
377,51
377,530
377,531
378,51
378,532
379,51
379,533
379,534
380,51
380,535
381,51
381,535
382,51
382,536
383,51
383,536
384,51
384,536
385,52
385,536
386,52
386,536
387,52
387,537
387,538
387,539
387,540
388,53
388,541
388,542
388,543
389,53
389,544
389,545
389,546
389,547
390,53
390,548
390,549
390,550
390,551
391,54
391,552
391,553
391,554
391,567
392,54
392,555
392,556
392,557
392,567
392,568
393,54
393,558
393,567
393,569
394,55
394,559
394,560
394,566
394,569
395,55
395,561
395,562
395,566
395,570
396,56
396,563
396,566
396,571
397,56
397,564
397,565
397,571
398,56
398,572
399,57
399,573
400,57
400,574
401,57
401,574
402,58
402,575
403,58
403,576
404,58
404,576
405,59
405,577
406,59
406,578
407,59
407,579
408,59
408,579
409,58
409,580
410,58
410,581
411,58
411,582
412,58
412,583
412,584
413,58
413,585
414,58
414,586
415,58
415,587
416,58
416,588
417,58
417,589
417,590
418,57
418,591
419,57
419,592
420,57
420,593
421,57
421,594
422,57
422,594
423,57
423,594
424,57
424,594
425,57
425,594
426,57
426,594
427,56
427,594
428,56
428,594
429,56
429,595
430,56
430,595
431,56
431,595
432,56
432,595
433,56
433,595
434,56
434,595
435,56
435,595
436,56
436,595
437,55
437,596
438,55
438,596
439,55
439,596
440,55
440,596
441,55
441,596
442,55
442,596
443,55
443,596
444,55
444,596
445,55
445,597
446,54
446,597
447,54
447,597
448,54
448,597
449,54
449,597
450,54
450,597
451,54
451,597
452,54
452,597
453,53
453,598
454,53
454,598
455,53
455,598
456,53
456,598
457,53
457,598
458,53
458,598
459,52
459,598
460,52
460,598
461,52
461,599
462,52
462,599
463,52
463,599
464,52
464,599
465,51
465,599
466,51
466,599
467,51
467,600
468,51
468,600
469,51
469,601
470,51
470,601
471,50
471,601
472,50
472,602
473,50
473,602
474,50
474,603
475,50
475,603
476,50
476,603
477,49
477,604
478,49
478,604
479,49
479,604
480,49
480,605
481,49
481,606
482,49
482,606
483,48
483,607
484,48
484,608
485,48
485,609
486,48
486,610
487,48
487,611
488,48
488,611
489,47
489,612
490,47
490,613
491,47
491,614
492,47
492,615
493,47
493,615
494,46
494,616
495,46
495,616
496,46
496,616
497,46
497,616
498,46
498,616
499,45
499,616
500,45
500,616
501,45
501,616
502,45
502,616
503,45
503,617
504,44
504,617
505,44
505,617
506,44
506,617
507,44
507,617
508,44
508,617
509,43
509,617
510,43
510,617
511,43
511,617
512,43
512,618
513,43
513,618
514,42
514,619
515,43
515,619
516,43
516,619
517,44
517,620
518,44
518,620
519,45
519,621
520,45
520,621
521,45
521,622
522,46
522,622
523,46
523,622
524,47
524,623
525,47
525,623
526,48
526,624
527,48
527,624
528,49
528,50
528,625
529,51
529,52
529,625
530,53
530,309
530,310
530,311
530,312
530,313
530,314
530,315
530,316
530,317
530,625
531,54
531,55
531,139
531,140
531,141
531,304
531,305
531,306
531,307
531,308
531,318
531,319
531,320
531,321
531,322
531,626
532,56
532,57
532,135
532,136
532,137
532,138
532,142
532,143
532,144
532,145
532,146
532,147
532,148
532,219
532,220
532,221
532,222
532,223
532,224
532,225
532,226
532,227
532,228
532,229
532,230
532,231
532,232
532,233
532,234
532,235
532,236
532,237
532,238
532,239
532,240
532,241
532,242
532,243
532,244
532,245
532,246
532,247
532,248
532,249
532,250
532,251
532,252
532,253
532,254
532,255
532,256
532,257
532,299
532,300
532,301
532,302
532,303
532,323
532,324
532,325
532,326
532,626
533,58
533,59
533,131
533,132
533,133
533,134
533,149
533,150
533,151
533,152
533,153
533,154
533,155
533,215
533,216
533,217
533,218
533,258
533,259
533,260
533,261
533,262
533,263
533,264
533,265
533,266
533,267
533,294
533,295
533,296
533,297
533,298
533,327
533,328
533,329
533,330
533,331
533,627
534,60
534,127
534,128
534,129
534,130
534,156
534,157
534,158
534,159
534,160
534,161
534,162
534,210
534,211
534,212
534,213
534,214
534,268
534,269
534,270
534,271
534,272
534,273
534,274
534,275
534,276
534,277
534,289
534,290
534,291
534,292
534,293
534,332
534,333
534,334
534,335
534,627
535,61
535,62
535,123
535,124
535,125
535,126
535,163
535,164
535,165
535,166
535,167
535,168
535,169
535,206
535,207
535,208
535,209
535,278
535,279
535,280
535,281
535,282
535,283
535,284
535,285
535,286
535,287
535,288
535,336
535,337
535,338
535,339
535,340
535,627
536,63
536,64
536,120
536,121
536,122
536,170
536,171
536,172
536,173
536,174
536,175
536,176
536,202
536,203
536,204
536,205
536,341
536,342
536,343
536,344
536,626
537,65
537,116
537,117
537,118
537,119
537,177
537,178
537,179
537,180
537,181
537,182
537,197
537,198
537,199
537,200
537,201
537,345
537,346
537,347
537,348
537,626
538,66
538,67
538,112
538,113
538,114
538,115
538,183
538,184
538,185
538,186
538,187
538,188
538,189
538,193
538,194
538,195
538,196
538,349
538,350
538,351
538,626
539,68
539,69
539,70
539,71
539,72
539,73
539,74
539,75
539,108
539,109
539,110
539,111
539,190
539,191
539,192
539,352
539,353
539,354
539,355
539,625
540,76
540,77
540,78
540,79
540,80
540,81
540,82
540,83
540,84
540,85
540,86
540,87
540,88
540,89
540,90
540,91
540,92
540,93
540,94
540,95
540,96
540,97
540,98
540,99
540,100
540,101
540,102
540,103
540,104
540,105
540,106
540,107
540,356
540,357
540,358
540,359
540,625
541,360
541,361
541,362
541,363
541,625
542,364
542,365
542,366
542,536
542,537
542,538
542,539
542,624
543,367
543,368
543,369
543,370
543,535
543,540
543,541
543,542
543,543
543,624
544,371
544,372
544,373
544,374
544,534
544,544
544,545
544,546
544,624
545,375
545,376
545,377
545,532
545,533
545,547
545,548
545,549
545,550
545,624
546,378
546,379
546,380
546,381
546,531
546,551
546,552
546,553
546,623
547,382
547,383
547,384
547,385
547,530
547,554
547,555
547,556
547,557
547,623
548,386
548,387
548,388
548,389
548,528
548,529
548,558
548,559
548,560
548,623
549,390
549,527
549,561
549,562
549,563
549,564
549,593
549,594
549,595
549,596
549,623
550,390
550,526
550,565
550,566
550,567
550,587
550,588
550,589
550,590
550,591
550,592
550,597
550,598
550,599
550,624
551,391
551,525
551,568
551,569
551,570
551,571
551,581
551,582
551,583
551,584
551,585
551,586
551,600
551,601
551,602
551,603
551,625
552,392
552,523
552,524
552,572
552,573
552,574
552,576
552,577
552,578
552,579
552,580
552,604
552,605
552,606
552,626
553,392
553,522
553,575
553,607
553,608
553,609
553,610
553,627
554,393
554,521
554,611
554,612
554,613
554,614
554,615
554,616
554,617
554,618
554,619
554,620
554,621
554,622
554,623
554,628
555,393
555,519
555,520
555,624
555,625
555,626
555,627
555,628
555,629
556,394
556,502
556,503
556,504
556,505
556,506
556,507
556,518
557,395
557,500
557,501
557,508
557,509
557,510
557,511
557,517
558,395
558,498
558,499
558,512
558,513
558,514
558,515
558,516
559,396
559,496
559,497
560,397
560,494
560,495
561,397
561,492
561,493
562,398
562,490
562,491
563,398
563,488
563,489
564,399
564,487
565,400
565,486
566,400
566,486
567,401
567,486
568,402
568,485
569,402
569,485
570,403
570,430
570,431
570,432
570,433
570,434
570,435
570,484
571,403
571,424
571,425
571,426
571,427
571,428
571,429
571,436
571,484
572,404
572,417
572,418
572,419
572,420
572,421
572,422
572,423
572,437
572,438
572,448
572,449
572,450
572,451
572,452
572,483
573,405
573,406
573,407
573,408
573,409
573,410
573,411
573,412
573,413
573,414
573,415
573,416
573,439
573,445
573,446
573,447
573,453
573,483
574,440
574,441
574,442
574,443
574,444
574,454
574,455
574,482
575,456
575,457
575,482
576,458
576,459
576,481
577,460
577,480
577,481
578,461
578,462
578,469
578,470
578,471
578,472
578,473
578,474
578,475
578,476
578,477
578,478
578,479
579,463
579,468
